{
  "project_info": {
    "project_number": "945164555446",
    "firebase_url": "https://moneytrackingsystem-7b2cf.firebaseio.com",
    "project_id": "moneytrackingsystem-7b2cf",
    "storage_bucket": "moneytrackingsystem-7b2cf.appspot.com"
  },
  "client": [
    {
      "client_info": {
        "mobilesdk_app_id": "1:945164555446:android:1cfafa2fa2d96f9d63c217",
        "android_client_info": {
          "package_name": "com.example.moneytrackingsystem"
        }
      },
      "oauth_client": [
        {
          "client_id": "945164555446-v3k84k61mhsqb5eq48p7rj77qd8g0cfm.apps.googleusercontent.com",
          "client_type": 3
        }
      ],
      "api_key": [
        {
          "current_key": "AIzaSyCQjDeMd0HQtQSGRrLGiidCyaMqgIGildE"
        }
      ],
      "services": {
        "appinvite_service": {
          "other_platform_oauth_client": [
            {
              "client_id": "945164555446-v3k84k61mhsqb5eq48p7rj77qd8g0cfm.apps.googleusercontent.com",
              "client_type": 3
            }
          ]
        }
      }
    }
  ],
  "configuration_version": "1"
}