<component name="libraryTable">
  <library name="Gradle: com.google.firebase:firebase-database-collection:17.0.1@aar">
    <CLASSES>
      <root url="jar://$USER_HOME$/.gradle/caches/transforms-2/files-2.1/fa3d7eac296077651560ac3933490b85/jetified-firebase-database-collection-17.0.1/jars/classes.jar!/" />
      <root url="file://$USER_HOME$/.gradle/caches/transforms-2/files-2.1/fa3d7eac296077651560ac3933490b85/jetified-firebase-database-collection-17.0.1/res" />
    </CLASSES>
    <JAVADOC>
      <root url="jar://$USER_HOME$/.gradle/caches/modules-2/files-2.1/com.google.firebase/firebase-database-collection/17.0.1/8fc7b0f5eabfe38190af79a49480075517519ceb/firebase-database-collection-17.0.1-javadoc.jar!/" />
    </JAVADOC>
    <SOURCES>
      <root url="jar://$USER_HOME$/.gradle/caches/modules-2/files-2.1/com.google.firebase/firebase-database-collection/17.0.1/c24559266b9d2917cee5b26444aa5b37a268111f/firebase-database-collection-17.0.1-sources.jar!/" />
    </SOURCES>
  </library>
</component>