<component name="libraryTable">
  <library name="Gradle: com.google.android.gms:play-services-base:17.1.0@aar">
    <CLASSES>
      <root url="jar://$USER_HOME$/.gradle/caches/transforms-2/files-2.1/75e7c473eccef2b3a0eec97fa3a7825b/jetified-play-services-base-17.1.0/jars/classes.jar!/" />
      <root url="file://$USER_HOME$/.gradle/caches/transforms-2/files-2.1/75e7c473eccef2b3a0eec97fa3a7825b/jetified-play-services-base-17.1.0/res" />
    </CLASSES>
    <JAVADOC>
      <root url="jar://$USER_HOME$/.gradle/caches/modules-2/files-2.1/com.google.android.gms/play-services-base/17.1.0/d906658f01adc56396bea0573cf0ee171933e54/play-services-base-17.1.0-javadoc.jar!/" />
    </JAVADOC>
    <SOURCES />
  </library>
</component>