<component name="libraryTable">
  <library name="Gradle: androidx.lifecycle:lifecycle-common:2.1.0@jar">
    <CLASSES>
      <root url="jar://$USER_HOME$/.gradle/caches/modules-2/files-2.1/androidx.lifecycle/lifecycle-common/2.1.0/c67e7807d9cd6c329b9d0218b2ec4e505dd340b7/lifecycle-common-2.1.0.jar!/" />
    </CLASSES>
    <JAVADOC />
    <SOURCES>
      <root url="jar://$USER_HOME$/.gradle/caches/modules-2/files-2.1/androidx.lifecycle/lifecycle-common/2.1.0/ff1470ebad448355d3722c637c85d5174b584f38/lifecycle-common-2.1.0-sources.jar!/" />
    </SOURCES>
  </library>
</component>