<component name="libraryTable">
  <library name="Gradle: com.google.android.gms:play-services-tasks:17.0.0@aar">
    <CLASSES>
      <root url="jar://$USER_HOME$/.gradle/caches/transforms-2/files-2.1/9f753adbd07fbe4faac50d5081095fbc/jetified-play-services-tasks-17.0.0/jars/classes.jar!/" />
      <root url="file://$USER_HOME$/.gradle/caches/transforms-2/files-2.1/9f753adbd07fbe4faac50d5081095fbc/jetified-play-services-tasks-17.0.0/res" />
    </CLASSES>
    <JAVADOC />
    <SOURCES />
  </library>
</component>