<component name="libraryTable">
  <library name="Gradle: com.google.firebase:firebase-auth-interop:19.0.0@aar">
    <CLASSES>
      <root url="jar://$USER_HOME$/.gradle/caches/transforms-2/files-2.1/68dd590321da53844fc859861b272820/jetified-firebase-auth-interop-19.0.0/jars/classes.jar!/" />
      <root url="file://$USER_HOME$/.gradle/caches/transforms-2/files-2.1/68dd590321da53844fc859861b272820/jetified-firebase-auth-interop-19.0.0/res" />
    </CLASSES>
    <JAVADOC>
      <root url="jar://$USER_HOME$/.gradle/caches/modules-2/files-2.1/com.google.firebase/firebase-auth-interop/19.0.0/62360008013e207bf91d5b96c09eb0b9a3067393/firebase-auth-interop-19.0.0-javadoc.jar!/" />
    </JAVADOC>
    <SOURCES />
  </library>
</component>