<component name="libraryTable">
  <library name="Gradle: com.google.firebase:firebase-components:16.0.0@aar">
    <CLASSES>
      <root url="jar://$USER_HOME$/.gradle/caches/transforms-2/files-2.1/debd70e42d2284fe791e96c9c76092fa/jetified-firebase-components-16.0.0/jars/classes.jar!/" />
      <root url="file://$USER_HOME$/.gradle/caches/transforms-2/files-2.1/debd70e42d2284fe791e96c9c76092fa/jetified-firebase-components-16.0.0/res" />
    </CLASSES>
    <JAVADOC>
      <root url="jar://$USER_HOME$/.gradle/caches/modules-2/files-2.1/com.google.firebase/firebase-components/16.0.0/f1f25eec68651b3cbe494a265507ac945fdb9e61/firebase-components-16.0.0-javadoc.jar!/" />
    </JAVADOC>
    <SOURCES>
      <root url="jar://$USER_HOME$/.gradle/caches/modules-2/files-2.1/com.google.firebase/firebase-components/16.0.0/f5456d4823243672c7135dff6b3a35cd39617610/firebase-components-16.0.0-sources.jar!/" />
    </SOURCES>
  </library>
</component>