<component name="libraryTable">
  <library name="Gradle: com.google.firebase:firebase-common:19.3.0@aar">
    <CLASSES>
      <root url="jar://$USER_HOME$/.gradle/caches/transforms-2/files-2.1/3deb10f8139ef5717b3d54ada2a19ca4/jetified-firebase-common-19.3.0/jars/classes.jar!/" />
      <root url="file://$USER_HOME$/.gradle/caches/transforms-2/files-2.1/3deb10f8139ef5717b3d54ada2a19ca4/jetified-firebase-common-19.3.0/res" />
    </CLASSES>
    <JAVADOC>
      <root url="jar://$USER_HOME$/.gradle/caches/modules-2/files-2.1/com.google.firebase/firebase-common/19.3.0/8c633ce718daf595bb05a0180d299f0034cbe97e/firebase-common-19.3.0-javadoc.jar!/" />
    </JAVADOC>
    <SOURCES>
      <root url="jar://$USER_HOME$/.gradle/caches/modules-2/files-2.1/com.google.firebase/firebase-common/19.3.0/f08fd907064524e4e418b886635e597530f855fc/firebase-common-19.3.0-sources.jar!/" />
    </SOURCES>
  </library>
</component>