<component name="libraryTable">
  <library name="Gradle: com.github.PhilJay:MPAndroidChart:v3.1.0@aar">
    <CLASSES>
      <root url="jar://$USER_HOME$/.gradle/caches/transforms-2/files-2.1/2ac5bf76e1165869d2bd5a42806625d1/jetified-MPAndroidChart-v3.1.0/jars/classes.jar!/" />
      <root url="file://$USER_HOME$/.gradle/caches/transforms-2/files-2.1/2ac5bf76e1165869d2bd5a42806625d1/jetified-MPAndroidChart-v3.1.0/res" />
    </CLASSES>
    <JAVADOC>
      <root url="jar://$USER_HOME$/.gradle/caches/modules-2/files-2.1/com.github.PhilJay/MPAndroidChart/v3.1.0/4c8733ccf3f0a9d50357193b03fe2853fc73ff31/MPAndroidChart-v3.1.0-javadoc.jar!/" />
    </JAVADOC>
    <SOURCES>
      <root url="jar://$USER_HOME$/.gradle/caches/modules-2/files-2.1/com.github.PhilJay/MPAndroidChart/v3.1.0/45d3ce505f744a595313d5eb84efd3ca3c8d2d04/MPAndroidChart-v3.1.0-sources.jar!/" />
    </SOURCES>
  </library>
</component>